[
        {
        
            "TrainerName":"Hema",
            "FeeAllocated":"20,000",
            "CourseName":"Java",
            "TimeDuration":"2 months"
            

        },
        {
            "TrainerName":"John",
             "FeeAllocated":"10,000",
             "CourseName":"MySql",
             "TimeDuration":"3 months"
        },
        {
             "TrainerName":"Michael",
             "FeeAllocated":"40,000",
             "CourseName":"Dotnet",
             "TimeDuration":"3 months"
        },
        {
            "TrainerName":"Sowmya",
            "FeeAllocated":"20,000",
            "CourseName":"Mean Stack",
            "TimeDuration":"3 months"
            
        }
        
        

    ]
